{
    "model_name": "RandomForest",
    "optimal_threshold": 0.4300000000000002,
    "accuracy": 0.7299550614947966,
    "f1_score": 0.46711524250320874,
    "auc_roc": 0.8138153204857878,
    "mcc": 0.3646408140095815,
    "sensitivity": 0.7510944340212633,
    "specificity": 0.7260007954891088,
    "precision": 0.33895913298713026,
    "confusion_matrix": {
        "TN": 31030,
        "FP": 11711,
        "FN": 1990,
        "TP": 6005
    },
    "timestamp": "2025-12-02 18:05:51"
}